Tahun,Total
2019,24490.559999999998
2020,25333.0
2021,15735.360000000002
